Request,response
Please reset my ABAD password,I am an AI Bot that will help you with your query. For the above request please put a request on #Support channel tagging @support
Can you please reset password for my ABTEST,I am an AI Bot that will help you with your query. For the above request please put a request on #Support channel tagging @support
Would you mind resetting my password for the ABTR2 domain,I am an AI Bot that will help you with your query. For the above request please put a request on #Support channel tagging @support
"My credential for backend service for Sign subscription expired, can someone help me to reset my password",I am an AI Bot that will help you with your query. For the above request please put a request on #Support channel tagging @support
Request you to reset password for my ABTEST account,I am an AI Bot that will help you with your query. For the above request please put a request on #Support channel tagging @support
Could I get a password reset on my account for ABAD,I am an AI Bot that will help you with your query. For the above request please put a request on #Support channel tagging @support
please reset my password on ABTEST account,I am an AI Bot that will help you with your query. For the above request please put a request on #Support channel tagging @support
can you please help me in resetting my password for ABTEST please,I am an AI Bot that will help you with your query. For the above request please put a request on #Support channel tagging @support
"Hello , please provide admin access for both Account/Internal and Admin console
Environment:- AB1","I am an AI Bot that will help you with your query. For the above request please follow https://www.google.co.in/
for creating account and the put a request on #Support channel tagging @Support"
Admin access for all basic environments?,"I am an AI Bot that will help you with your query. For the above request please follow https://www.google.co.in/
for creating account and the put a request on #Support channel tagging @Support"
"Requesting admin access for account:
Environment: STAGE","I am an AI Bot that will help you with your query. For the above request please follow https://www.google.co.in/
for creating account and the put a request on #Support channel tagging @Support"
"Can I please get admin access for both Account/ Internal and Admin console ? Environment:- Stage, AB1R1","I am an AI Bot that will help you with your query. For the above request please follow https://www.google.co.in/
for creating account and the put a request on #Support channel tagging @Support"
"Can someone please grant me admin access for the following environments?
AB1: https://account-AB1.tk.docusign.dev
ABTEST1, ABTEST2, ABTEST3, 
Stage","I am an AI Bot that will help you with your query. For the above request please follow https://www.google.co.in/
for creating account and the put a request on #Support channel tagging @Support"
I need Admin and account admin access to my account,"I am an AI Bot that will help you with your query. For the above request please follow https://www.google.co.in/
for creating account and the put a request on #Support channel tagging @Support"
can you please share the URL to access Admin console on AB1,"I am an AI Bot that will help you with your query. For the above request please follow https://www.google.co.in/
for creating account and the put a request on #Support channel tagging @Support"
Kindly assist with access to Account Admins in INT (AB1),"I am an AI Bot that will help you with your query. For the above request please follow https://www.google.co.in/
for creating account and the put a request on #Support channel tagging @Support"
"Requesting admin access for my account:
Environment: ABTEST1","I am an AI Bot that will help you with your query. For the above request please follow https://www.google.co.in/
for creating account and the put a request on #Support channel tagging @Support"
Can I please get admin access for both Account/Internal and Admin console? Will need to create paid testing accounts in AB1 env,"I am an AI Bot that will help you with your query. For the above request please follow https://www.google.co.in/
for creating account and the put a request on #Support channel tagging @Support"
Github access request,"I am an AI Bot that will help you with your query. For the above request please put a request on #Git channel tagging @git

"
Can you kindly grant me Github access?,"I am an AI Bot that will help you with your query. For the above request please put a request on #Git channel tagging @git

"
Requesting write access to this repo,"I am an AI Bot that will help you with your query. For the above request please put a request on #Git channel tagging @git

"
Could I get admin access to three Github repositories,"I am an AI Bot that will help you with your query. For the above request please put a request on #Git channel tagging @git

"
Pls make me an admin for my repo,"I am an AI Bot that will help you with your query. For the above request please put a request on #Git channel tagging @git

"
Can you add me as an admin to this repo -,"I am an AI Bot that will help you with your query. For the above request please put a request on #Git channel tagging @git

"
Can you add as repro admins,"I am an AI Bot that will help you with your query. For the above request please put a request on #Git channel tagging @git

"
can you grant us admin privileges in this repo,"I am an AI Bot that will help you with your query. For the above request please put a request on #Git channel tagging @git

"
I have scaffolded a new github repo and need to make some adjustments to it. Could I get admin access to this repo?,"I am an AI Bot that will help you with your query. For the above request please put a request on #Git channel tagging @git

"
can you grant me admin access to these two repos I created?,"I am an AI Bot that will help you with your query. For the above request please put a request on #Git channel tagging @git

"
I have created the ticket. Can you please grant me Admin rights to,"I am an AI Bot that will help you with your query. For the above request please put a request on #Git channel tagging @git

"
I have a secret that needs to be added to AB secret server,I am an AI Bot that will help you with your query. For the above request please put a request on #Support channel tagging @secretserverhelp
Can someone please help add secrets to a Jenkins server,I am an AI Bot that will help you with your query. For the above request please put a request on #Support channel tagging @secretserverhelp
"I need to add a few secrets to ABTEST AND XYTEST secret server,",I am an AI Bot that will help you with your query. For the above request please put a request on #Support channel tagging @secretserverhelp
Please create a new Secret in AB Secret Server based off of another value.,I am an AI Bot that will help you with your query. For the above request please put a request on #Support channel tagging @secretserverhelp
Need help in updating the key in the test secret server,I am an AI Bot that will help you with your query. For the above request please put a request on #Support channel tagging @secretserverhelp
Can you please add some passwords to AB Secret Server? This is for EU INT / AB1R2,I am an AI Bot that will help you with your query. For the above request please put a request on #Support channel tagging @secretserverhelp
May I please have the following secrets added to ABTEST Secret Servers?,I am an AI Bot that will help you with your query. For the above request please put a request on #Support channel tagging @secretserverhelp
Could you help create a Secret Server entry in AB?,I am an AI Bot that will help you with your query. For the above request please put a request on #Support channel tagging @secretserverhelp
May I request SecretServer access to ABTEST and XYTest?,I am an AI Bot that will help you with your query. For the above request please put a request on #Support channel tagging @secretserverhelp
Can I get someone to upload some secrets into AB SecretServer for me?,I am an AI Bot that will help you with your query. For the above request please put a request on #Support channel tagging @secretserverhelp
I need promotion (image sent to docker-local-stable),I am an AI Bot that will help you with your query. For the above request please put a request on #docker-help channel tagging @dockersupport
"Could you please promote this docker image:
docker-local-dev",I am an AI Bot that will help you with your query. For the above request please put a request on #docker-help channel tagging @dockersupport
Can you please help me in clearing up docker images which are in a bad state for my PR:,I am an AI Bot that will help you with your query. For the above request please put a request on #docker-help channel tagging @dockersupport
Are these docker images stored in Artifactory by chance?,I am an AI Bot that will help you with your query. For the above request please put a request on #docker-help channel tagging @dockersupport
I keep getting the following error when trying to build Docker images,I am an AI Bot that will help you with your query. For the above request please put a request on #docker-help channel tagging @dockersupport
can we please create mirrors in AF for these docker images?,I am an AI Bot that will help you with your query. For the above request please put a request on #docker-help channel tagging @dockersupport
"an you please guide 
 to delete this image as it's not being used",I am an AI Bot that will help you with your query. For the above request please put a request on #docker-help channel tagging @dockersupport